[{"model": "webapp.course", "pk": 1, "fields": {"teacher": 1, "title": "SAT на Высший Балл: Комплексный Курс Подготовки", "preview_description": "Курс SAT: освоение чтения, письма и математики для достижения высокого балла.", "description": "Наш курс подготовки к SAT разработан, чтобы помочь студентам достичь наилучшего результата на экзамене SAT. Это комплексное обучение охватывает все разделы экзамена, включая математику, чтение и письмо на основе доказательств, с акцентом на развитие критического мышления, навыков решения задач и стратегий прохождения теста.", "price": "1000.00", "image": "course_images/images.png", "language": "RU", "skill_level": "INTERMEDIATE", "is_active": true, "created_at": "2024-11-03T14:23:02.230Z", "updated_at": "2024-11-09T10:51:44.171Z", "tag": [4, 5]}}, {"model": "webapp.course", "pk": 2, "fields": {"teacher": 1, "title": "IELTS", "preview_description": "Курс IELTS: подготовка ко всем разделам экзамена для успешной сдачи и высокого балла.", "description": "IELTS DESCRIPTION", "price": "800.00", "image": "course_images/wcc-blog-How-Long-You-Should-Prepare-For-IELTS.jpg", "language": "EN", "skill_level": "ALL", "is_active": true, "created_at": "2024-11-09T07:32:18.787Z", "updated_at": "2024-11-09T07:32:18.787Z", "tag": []}}, {"model": "webapp.course", "pk": 3, "fields": {"teacher": 2, "title": "Новый кур", "preview_description": "нет", "description": "нет", "price": "3000.00", "image": "course_images/Снимок_экрана_2025-02-25_в_17.11.19.png", "language": "EN", "skill_level": "ALL", "is_active": true, "created_at": "2025-03-02T10:29:09.023Z", "updated_at": "2025-04-01T18:22:34.503Z", "tag": [1, 2, 3]}}, {"model": "webapp.course", "pk": 4, "fields": {"teacher": 4, "title": "Курс по геймификации", "preview_description": "Курс по геймификации", "description": "Курс по геймификации", "price": "2000.00", "image": "course_images/1664640186_5-zefirka-club-p-oboi-dlya-rabochego-stola-ucheba-5.jpg", "language": "EN", "skill_level": "ALL", "is_active": true, "created_at": "2025-03-18T16:43:53.937Z", "updated_at": "2025-03-18T16:43:53.937Z", "tag": []}}, {"model": "webapp.skills", "pk": 1, "fields": {"course": 1, "name": "Овладеете основами алгебры, геометрии и продвинутой математики SAT.", "priority": 1, "is_active": true, "created_at": "2024-11-09T10:23:07.386Z", "updated_at": "2024-11-09T10:23:07.386Z"}}, {"model": "webapp.skills", "pk": 2, "fields": {"course": 1, "name": "Освоите техники чтения и расширите словарный запас.", "priority": 2, "is_active": true, "created_at": "2024-11-09T10:25:24.538Z", "updated_at": "2024-11-09T10:25:24.538Z"}}, {"model": "webapp.skills", "pk": 3, "fields": {"course": 1, "name": "Научитесь писать эссе и использовать грамматику в SAT.", "priority": 3, "is_active": true, "created_at": "2024-11-09T10:25:34.545Z", "updated_at": "2024-11-09T10:25:34.545Z"}}, {"model": "webapp.skills", "pk": 4, "fields": {"course": 1, "name": "Разовьете навыки управления временем и подходы к форматам SAT.", "priority": 4, "is_active": true, "created_at": "2024-11-09T10:25:43.814Z", "updated_at": "2024-11-09T10:25:43.815Z"}}, {"model": "webapp.skills", "pk": 5, "fields": {"course": 1, "name": "Попрактикуетесь на реальных вопросах и пробных тестах.", "priority": 5, "is_active": true, "created_at": "2024-11-09T10:25:51.461Z", "updated_at": "2024-11-09T10:25:51.461Z"}}, {"model": "webapp.module", "pk": 1, "fields": {"course": 1, "title": "Введение", "description": "В этом модуле вы познакомитесь с форматом экзамена SAT, а также узнаете о структуре курса и формате обучения", "position": 1, "is_active": true, "created_at": "2024-11-03T14:27:16.126Z", "updated_at": "2024-11-03T14:27:16.173Z"}}, {"model": "webapp.module", "pk": 2, "fields": {"course": 1, "title": "Второй", "description": "ыаыв", "position": 2, "is_active": true, "created_at": "2024-11-09T15:01:59.218Z", "updated_at": "2024-11-09T15:01:59.218Z"}}, {"model": "webapp.module", "pk": 3, "fields": {"course": 3, "title": "Первый модул", "description": "первый", "position": 1, "is_active": true, "created_at": "2025-03-03T17:29:38.665Z", "updated_at": "2025-03-03T17:35:12.580Z"}}, {"model": "webapp.tag", "pk": 1, "fields": {"name_ru": "Информационные технологии", "name_en": "IT", "code": "IT"}}, {"model": "webapp.tag", "pk": 2, "fields": {"name_ru": "Математика", "name_en": "Math", "code": "Math"}}, {"model": "webapp.tag", "pk": 3, "fields": {"name_ru": "Бизнес", "name_en": "Business", "code": "Business"}}, {"model": "webapp.tag", "pk": 4, "fields": {"name_ru": "Дизайн", "name_en": "Design", "code": "Design"}}, {"model": "webapp.tag", "pk": 5, "fields": {"name_ru": "Маркетинг", "name_en": "Marketing", "code": "Marketing"}}, {"model": "webapp.tag", "pk": 6, "fields": {"name_ru": "Наука", "name_en": "Science", "code": "Science"}}, {"model": "webapp.tag", "pk": 7, "fields": {"name_ru": "Финансы", "name_en": "Finance", "code": "Finance"}}, {"model": "webapp.tag", "pk": 8, "fields": {"name_ru": "Здоровье", "name_en": "Health", "code": "Health"}}, {"model": "webapp.tag", "pk": 9, "fields": {"name_ru": "Право", "name_en": "Law", "code": "Law"}}, {"model": "webapp.tag", "pk": 10, "fields": {"name_ru": "Искусство", "name_en": "Art", "code": "Art"}}, {"model": "webapp.lesson", "pk": 1, "fields": {"module": 1, "title": "Что входит в Digital SAT?", "small_description": "В этом уроке вы узнаете, что входит в Digital SAT и с форматом данного теста.", "content": "<p><span lang=\"RU\">Привет всем! Добро пожаловать в ваш вводный курс о том, что включает в себя&nbsp;</span><span lang=\"EN-US\">Digital&nbsp;SAT</span><span lang=\"RU\">. К концу этого видео вы будете хорошо информированы. Вы узнаете, какие типы разделов встретятся на тесте, в каком порядке они идут, и как они разделены на адаптивные модули.</span></p><p><span lang=\"RU\">Сколько вопросов ожидать в каждом из этих модулей? Сколько времени займет каждый модуль? Давайте начнем. Сначала взглянем на общий обзор теста. Первый раздел — это комбинированный раздел «Чтение и письмо».</span></p><p><span lang=\"RU\">Этот раздел состоит из двух 32-минутных модулей, каждый из которых содержит 27 вопросов, в сумме 54 вопроса и 64 минуты. Следующий раздел — «Математика», где у вас будет два 35-минутных модуля, по 22 вопроса в каждом, итого 70 минут. Это составляет общее тестовое время 2 часа 14 минут. Возможно, вы задаетесь вопросом, а что с перерывом?</span></p><p><span lang=\"RU\">У меня для вас хорошие новости. Перерыв есть, но только один, и это 10-минутный перерыв между разделом «Чтение и письмо» и разделом «Математика». То есть, 64 минуты теста, затем 10-минутный перерыв и еще 70 минут теста. Вот небольшой совет: используйте этот 10-минутный перерыв, чтобы дать мозгу отдохнуть.</span></p><p><span lang=\"RU\">За последние 64 минуты вы проработали раздел «Чтение и письмо». Во время перерыва избегайте экранов, встаньте и немного подвигайтесь, так как после перерыва вашему мозгу снова предстоит работать над 70 минутами математики. Давайте посмотрим на это вместе.</span></p><p><span lang=\"RU\">Сначала идет первый модуль «Чтение и письмо», затем второй модуль «Чтение и письмо». После этого — 10-минутный перерыв, затем первый модуль «Математика» и, наконец, последний модуль «Математика». В итоге общее время теста, включая перерывы, составляет около 2,5 часов.</span></p><p><span lang=\"RU\">Эта информация важна, чтобы вы могли правильно настроиться, разработать стратегию и быть готовыми к 2,5-часовому тесту&nbsp;</span><span lang=\"EN-US\">Digital&nbsp;SAT</span><span lang=\"RU\"> в день его сдачи</span></p>", "key_takeaway": "<p><span lang=\"RU\">Данный материал представляет собой подробный обзор формата&nbsp;</span><span lang=\"EN-US\">Digital&nbsp;SAT</span><span lang=\"RU\">, включая структуру, время прохождения и стратегии для участников.</span></p><p><span lang=\"RU\">&nbsp;&nbsp;&nbsp;&nbsp;&nbsp;&nbsp;&nbsp;&nbsp;&nbsp;&nbsp;&nbsp; •&nbsp;&nbsp;&nbsp;&nbsp;&nbsp;&nbsp;&nbsp;&nbsp;&nbsp; </span><span lang=\"EN-US\">Digital&nbsp;SAT</span><span lang=\"RU\"> состоит из комбинированного раздела «Чтение и письмо» и раздела «Математика», каждый из которых разделен на два адаптивных модуля.</span></p><p><span lang=\"RU\">&nbsp;&nbsp;&nbsp;&nbsp;&nbsp;&nbsp;&nbsp;&nbsp;&nbsp;&nbsp;&nbsp; •&nbsp;&nbsp;&nbsp;&nbsp;&nbsp;&nbsp;&nbsp;&nbsp;&nbsp; Раздел «Чтение и письмо» включает два модуля по 32 минуты, по 27 вопросов в каждом, что в сумме составляет 54 вопроса и 64 минуты.</span></p><p><span lang=\"RU\">&nbsp;&nbsp;&nbsp;&nbsp;&nbsp;&nbsp;&nbsp;&nbsp;&nbsp;&nbsp;&nbsp; •&nbsp;&nbsp;&nbsp;&nbsp;&nbsp;&nbsp;&nbsp;&nbsp;&nbsp; Раздел «Математика» состоит из двух модулей по 35 минут, по 22 вопроса в каждом, в общей сложности 70 минут.</span></p><p><span lang=\"RU\">&nbsp;&nbsp;&nbsp;&nbsp;&nbsp;&nbsp;&nbsp;&nbsp;&nbsp;&nbsp;&nbsp; •&nbsp;&nbsp;&nbsp;&nbsp;&nbsp;&nbsp;&nbsp;&nbsp;&nbsp; Между разделами «Чтение и письмо» и «Математика» предусмотрен единственный 10-минутный перерыв, что в сумме составляет 2 часа 14 минут тестового времени, не считая перерыва.</span></p><p><span lang=\"RU\">&nbsp;&nbsp;&nbsp;&nbsp;&nbsp;&nbsp;&nbsp;&nbsp;&nbsp;&nbsp;&nbsp; •&nbsp;&nbsp;&nbsp;&nbsp;&nbsp;&nbsp;&nbsp;&nbsp;&nbsp; Участникам рекомендуется использовать 10-минутный перерыв для отдыха: избегать экранов и немного подвигаться, чтобы подготовиться к следующему разделу.</span></p><p><span lang=\"RU\">&nbsp;&nbsp;&nbsp;&nbsp;&nbsp;&nbsp;&nbsp;&nbsp;&nbsp;&nbsp;&nbsp; </span><span lang=\"EN-US\">•&nbsp;&nbsp;&nbsp;&nbsp;&nbsp;&nbsp;&nbsp;&nbsp;&nbsp; Понимание формата теста и времени прохождения важно для разработки стратегии и подготовки к 2,5-часовому Digital SAT.</span></p><p>&nbsp;</p>", "video_url": "https://www.youtube.com/watch?v=_K92oUTgE0k", "created_at": "2024-11-03T14:29:24.930Z", "updated_at": "2024-11-11T19:30:14.303Z", "thumbnail_url": "https://i.ytimg.com/vi/_K92oUTgE0k/hqdefault.jpg", "duration": 192, "position": 1, "is_active": true}}, {"model": "webapp.lesson", "pk": 2, "fields": {"module": 1, "title": "Догадки и метод исключения", "small_description": "В этом уроке мы изучим важные стратегии для SAT: догадки и метод исключения. На SAT нет штрафа за угадывание, что значит, что можно всегда угадывать, если не знаете точный ответ.", "content": "<p>В этом видео мы поговорим об угадывании. И начнем с самого важного факта: на SAT нет штрафа за угадывание. Ого, это большие новости. Почему? Потому что в старом тесте штраф за угадывание был.</p><p>И это одна из тех городских легенд, которые до сих пор гуляют вокруг. «Не гадайте на SAT, иначе получите штраф». Но теперь это больше не так. И это даже уже не «новый» SAT, это просто SAT. Штрафа за угадывание нет, не бойтесь, угадывайте, угадывайте, угадывайте и угадывайте, всегда угадывайте.</p><p>Иногда, если у вас останется время, можно вернуться к вопросу и сделать рядом с ним пометку. Но обязательно вернитесь к нему и в конце угадайте. Ни в коем случае не оставляйте ничего пустым. Далее в этом видео мы обсудим метод исключения, который очень близок к угадыванию.</p><p>Иногда вы не можете ничего исключить и вам придется угадать. Это означает, что нужно исключать неправильные ответы вместо того, чтобы пытаться сразу угадать правильный. Часто вы не сможете сразу найти правильный ответ. Придется проходить каждый вариант ответа, читать его внимательно и, если что-то кажется неправильным, отметьте это.</p><p>Если что-то явно неверно, исключите это и посмотрите, что останется. Это и есть метод исключения. Обычно есть два таких ответа. Так составлены эти тесты. Есть четыре варианта ответа, два из которых — откровенно неверные: один совсем ошибочный, другой почти неправильный.</p><p>И остаются два: один из которых правильный, а другой кажется правильным, выглядит убедительно. Но, конечно, только один правильный, и ваша задача — понять, какой из этих двух правильный. Я добавил здесь, что это предполагает, что вы понимаете, что делаете, потому что если это сложный вопрос и вы не понимаете, что происходит, то явно неверные ответы могут не казаться такими.</p><p>Но если вы в целом понимаете текст, знаете свои математические концепции, то, даже если останутся два варианта, которые покажутся сложными, один из них будет правильным, а другой нет. Итак, продолжим. Исключайте неверные варианты, используя какую-либо пометку. Это важно, потому что вы можете прочитать вариант и подумать: «Да, это неверно», потом перейти к следующему и засомневаться. И тут вы начинаете путаться. Ваша голова начинает кружиться, и это плохо.</p><p>Когда вы исключаете, этот процесс требует небольших пометок, которые ясно показывают, что вы исключили этот вариант. Это ключевой момент. Еще один важный момент: метод исключения лучше работает с вербальными вопросами, особенно с заданиями на чтение, потому что они длиннее.</p><p>Поэтому, чтобы избежать повторного чтения длинного 22-словного варианта, конечно, используйте эти пометки. Метод исключения обычно помогает студентам больше на вербальном разделе, но его также можно использовать и на математическом. Существуют вопросы, где нужна оценка, и вы не знаете точного ответа, но понимаете, что он не может быть слишком малым или слишком большим, и, конечно, вы можете исключить такие варианты.</p><p>И напоследок: обычно остаются два ответа. Не сидите и не раздумывайте над ними пять минут, не сходите с ума, потому что это навредит вам в остальной части теста. Ключ в том, чтобы оставить два варианта, выбрать один, обдумать его или сделать</p>", "key_takeaway": "<p>•<span>&nbsp;&nbsp;&nbsp;&nbsp;&nbsp;&nbsp;&nbsp;&nbsp;&nbsp; </span>На SAT нет штрафа за угадывание, что побуждает участников всегда угадывать, а не оставлять ответы пустыми.</p><p><span>&nbsp;&nbsp;&nbsp;&nbsp;&nbsp;&nbsp;&nbsp;&nbsp;&nbsp;&nbsp;&nbsp; </span>•<span>&nbsp;&nbsp;&nbsp;&nbsp;&nbsp;&nbsp;&nbsp;&nbsp;&nbsp; </span>Метод исключения выделяется как важная стратегия: исключение явно неправильных ответов помогает сузить выбор.</p><p><span>&nbsp;&nbsp;&nbsp;&nbsp;&nbsp;&nbsp;&nbsp;&nbsp;&nbsp;&nbsp;&nbsp; </span>•<span>&nbsp;&nbsp;&nbsp;&nbsp;&nbsp;&nbsp;&nbsp;&nbsp;&nbsp; </span>Пометки должны использоваться, чтобы отслеживать исключенные ответы, избегать путаницы и обеспечить более эффективный процесс проверки.</p><p><span>&nbsp;&nbsp;&nbsp;&nbsp;&nbsp;&nbsp;&nbsp;&nbsp;&nbsp;&nbsp;&nbsp; </span>•<span>&nbsp;&nbsp;&nbsp;&nbsp;&nbsp;&nbsp;&nbsp;&nbsp;&nbsp; </span>Исключение особенно эффективно для вербальных вопросов и заданий на чтение, помогая управлять длинными вариантами ответов.</p><p><span>&nbsp;&nbsp;&nbsp;&nbsp;&nbsp;&nbsp;&nbsp;&nbsp;&nbsp;&nbsp;&nbsp; </span>•<span>&nbsp;&nbsp;&nbsp;&nbsp;&nbsp;&nbsp;&nbsp;&nbsp;&nbsp; </span>При выборе между двумя оставшимися вариантами рекомендуется сделать обоснованное предположение и двигаться дальше, чтобы сэкономить время и снизить стресс.</p>", "video_url": "https://www.youtube.com/watch?v=RsA6wGjxymM", "created_at": "2024-11-03T14:33:49.982Z", "updated_at": "2024-11-11T19:53:28.350Z", "thumbnail_url": "https://i.ytimg.com/vi/RsA6wGjxymM/hqdefault.jpg", "duration": 258, "position": 2, "is_active": true}}, {"model": "webapp.lesson", "pk": 3, "fields": {"module": 1, "title": "Обучение на ошибках", "small_description": "В этом уроке мы рассмотрим важность анализа своих ошибок на экзамене SAT и научимся делать это правильно. Ошибки — это не повод для стыда, а возможность для роста и улучшения результатов.", "content": "<p>Это очень важное видео, оно называется «Обучение на ошибках». Было бы ошибкой не учиться на этом видео. И это самое главное в ошибках — они заставляют нас чувствовать себя неловко, ведь мы только что ошиблись, и нам стыдно, мы отворачиваемся от этого. Не делайте так. Ошибки — это один из лучших способов стать лучше в тестах, повысить свой результат. Те, кто действительно добивается улучшения результатов, — это те, кто учится на своих ошибках.</p><p>Запомните это. А что значит «учиться на ошибках»? Это значит анализировать, почему вы допустили ошибку. Но на более глубоком уровне нужно конкретно понять, что пошло не так. Нужно тщательно разобраться в этом.</p><p>Что я имею в виду? Давайте рассмотрим пример. Уровень 1. Это небрежная ошибка. Хорошо, как улучшиться? Не быть небрежным?</p><p>Поможет ли это вам? Думаю, нет. Это очень общее и расплывчатое объяснение. Но честно говоря, я много лет преподаю подготовку к тестам, и слышу это выражение от студентов постоянно. Это не поможет вам улучшиться.</p><p>Рассмотрим уровень 2. Я торопился и не прочитал одну часть. Это немного лучше, более конкретно. Вы упустили часть текста, и теперь нужно читать внимательнее.</p><p>Прочитайте весь вопрос. Это может немного помочь, но можно углубиться еще больше. Я забыл, что целые числа — это целые положительные числа, и начал подставлять дроби. Это конкретно, теперь я понимаю, что пошло не так. Как улучшиться?</p><p>Это очень полезно. Во-первых, теперь я знаю, что целые числа — это целые положительные числа, и я буду очень внимателен, когда это слово встречается. Еще один совет — подчеркните точный вопрос в конце длинной математической задачи, потому что вопрос может затеряться среди текста.</p><p>Итак, важно дойти до уровня 3 и записать все. Если бы я вел урок лично, я бы заставил вас это сделать и прошелся бы по классу, чтобы проверить ваши записи. И даже когда я провожу аналогичную лекцию вживую, я хожу по аудитории, и если студент говорит: «Это была небрежная ошибка», то это уровень 1, а я показываю, как его исправить. Думать на уровне 3 — это сложно, но вы должны тренироваться. И если вы будете записывать ошибки так конкретно, вы начнете улучшаться.</p><p>Посмотрим второй пример. Уровень 1. Я недостаточно внимательно прочитал текст. Хорошо, но что это значит? Это не очень полезно. Уровень 2. Я не вернулся к тексту, чтобы найти ответ, а выбрал его по памяти. Это уже неплохо. Если студент так запишет, я не буду огорчен. Это хорошая работа, но надо копнуть глубже.</p><p>Что именно пошло не так? Уровень 3 — это идеальный пример. Посмотрите на всё, что написано. «Я не прочитал вопрос, чтобы понять, о чем он действительно спрашивает. Если бы я немного замедлился и не спешил перейти к ответам, я бы заметил ключевое слово и вспомнил, что оно упоминалось в третьем абзаце. Я бы вернулся к этому абзацу, нашел ответ и с меньшей вероятностью выбрал бы ответ-ловушку, который казался правильным, но на самом деле не был упомянут в тексте».</p><p>Вот это конкретность, человек действительно понял, что произошло, что он думал в момент, когда выбирал вариант ответа. Такой анализ помогает понять, как улучшиться: внимательно читать вопросы, обращать внимание на ключевые слова, не читать текст слишком быстро, чтобы не упустить важную информацию, искать доказательства, а не ориентироваться на то, что кажется правильным.</p><p>Наконец, стратегии, которые помогут вам применять этот подход: ищите более широкие закономерности ошибок, которые вы допускаете. Анализируйте свои ошибки после практических тестов. Если вы хотите стать лучше, вам нужно быть дотошным и целеустремленным в понимании своих ошибок, чтобы больше их не повторять.</p>", "key_takeaway": "<p>Суть улучшения результатов на SAT заключается в тщательном анализе и обучении на собственных ошибках, переходе от поверхностных объяснений к глубокому пониманию причин ошибок.</p><p>Понимание того, что ошибки — это возможности для улучшения, а не неудачи.</p><p>Важность детального анализа ошибок для выявления их коренных причин.</p><p>Различие между общими, размытыми объяснениями ошибок и конкретными, конструктивными выводами.</p><p>Роль практических тестов в выявлении закономерностей ошибок и совершенствовании стратегий.</p><p>Осознанное и дотошное отношение к своим ошибкам помогает понять и исправить их, предотвращая повторное возникновение.</p>", "video_url": "https://www.youtube.com/watch?v=_K92oUTgE0k", "created_at": "2024-11-03T14:35:45.530Z", "updated_at": "2024-11-11T19:56:02.717Z", "thumbnail_url": "https://i.ytimg.com/vi/_K92oUTgE0k/hqdefault.jpg", "duration": 192, "position": 3, "is_active": true}}, {"model": "webapp.lesson", "pk": 4, "fields": {"module": 1, "title": "Последние советы перед экзаменом", "small_description": "В этом уроке мы рассмотрим ключевые советы для успешной подготовки к SAT в последние дни перед экзаменом. Физическая и психическая подготовка играют важную роль для достижения максимального результата. Мы обсудим важность хорошего сна, подготовки необходи", "content": "<p>Содержимое предоставляет важные последние советы по подготовке к экзамену SAT, подчеркивая важность физической и психической готовности. Хороший ночной сон в течение двух ночей перед экзаменом важен для достижения наилучших результатов. Убедитесь, что у вас есть все необходимые вещи на день экзамена: пропуск, удостоверение личности с фотографией, минимум два карандаша №2 и одобренный калькулятор. Избегайте учебы в день экзамена, чтобы предотвратить умственное утомление и сохранить выносливость на протяжении всего экзамена. Не зацикливайтесь на одном вопросе во время экзамена; разумно управляйте своим временем и помните, что за догадки нет штрафов. Сосредоточьтесь на дыхании, чтобы управлять стрессом и сохранять ясное мышление во время экзамена.</p><p>Последние советы. Они важны, люди волнуются по этому поводу, поэтому важно их понять хотя бы за ночь перед экзаменом. И возможно, утром перед экзаменом вам нужно удостовериться, что вы не делаете ничего, что могло бы навредить, а только то, что может помочь. Начну с первого пункта: хорошо выспитесь две ночи перед экзаменом.</p><p>Почему я это говорю? Обычно советуют хорошо выспаться одну ночь перед экзаменом. Вы ложитесь спать раньше обычного, в 9:57, укрываетесь одеялом, ну, не полностью, конечно, нужно ведь дышать, и начинаете пытаться заснуть, но не можете. Крутитесь и ворочаетесь, впереди важный день.</p><p>Так что лучше обеспечить себе хороший сон уже в четверг, чтобы не нагружать себя лишним стрессом.</p><p>Последние советы перед экзаменом. Они важны, многие переживают из-за них, и важно понять их хотя бы за ночь до большого теста. И возможно, в день теста вам нужно убедиться, что вы не делаете ничего, что может навредить, а только то, что поможет вам. Начнем с первого совета — хорошо выспитесь за две ночи до экзамена.</p><p>Почему я это говорю? Обычно советуют хорошо выспаться за одну ночь до теста. Вы ложитесь спать раньше обычного, например, в 21:57, укрываетесь одеялом, но не полностью, нужно ведь дышать, и пытаетесь заснуть, но не можете. Вы крутитесь и ворочаетесь, ведь впереди важный день.</p><p>Так что, возможно, лучше начать с хорошего сна уже в четверг, чтобы снять с себя часть стресса. Ваш организм привыкает к более раннему отходу ко сну. Если вы легли в четверг в 21:57, возможно, заснете в 22:50. Тогда в пятницу вам будет легче заснуть, и вы действительно отдохнете. Доверяйте мне, хороший ночной сон может иметь огромное значение. Но не делайте ставку на одну ночь, лучше выспаться две ночи перед тестом.</p><p>Теперь следующее, это тоже очень важно. Вы можете спать 17 часов и быть настолько бодрым, что видите сквозь стены, но затем вы приходите в центр тестирования, а ваш пропуск? «До свидания, домой». Удостоверение личности? А вот и нет. И возьмите минимум два карандаша №2.</p><p>Еще немного о удостоверении личности — когда вы регистрируетесь на SAT и загружаете свое фото на сайт College Board, убедитесь, что вы на нем узнаваемы. Если вы побрили голову после того, как загрузили фото с длинными волосами, человек, принимающий экзамен, может вас не узнать.</p><p>Так что убедитесь, что удостоверение личности совпадает с фото, которое есть у экзаменатора. И еще один момент: минимум два карандаша №2. Если у вас всего два карандаша, и один из них сломается, то у вас останется только один, который тоже может сломаться. Так что лучше возьмите три.</p><p>И одобренный калькулятор, не юридический советник с отличными навыками математики, а именно такой, который допускается на SAT. Вы не можете принести калькулятор с крутыми функциями для графиков и обмана, потому что экзаменатор, конечно, отберет его, и секция с калькулятором станет намного сложнее.</p><p>И еще несколько советов. Не учите ничего в день экзамена. Это важно. Некоторые высоко мотивированные студенты или, может быть, прокрастинаторы думают: «Надо выучить еще несколько вещей, ведь они наверняка появятся на тесте».</p><p>Так они ставят будильник на 6:07, просыпаются и учат. Проходит три часа, и посреди секции по чтению они начинают чувствовать усталость, потому что их мозг говорит: «Хватит». Это происходит, потому что SAT — это тест на выносливость, и вы не хотите перегружать себя лишней информацией.</p><p>Когда вы находитесь в тестовом зале, не зацикливайтесь на одном вопросе, время идет. Если вы потратите десять минут на один вопрос, это плохая идея, ведь SAT — это тест на выносливость, и нужно пройти весь тест. За догадки штрафов нет, и вы можете угадать ответ.</p><p>Следите за выносливостью. Не учите ничего в день теста, и, конечно, не зацикливайтесь на одном вопросе. И наконец, очень важно — сосредоточьтесь на дыхании. Это не йога, но когда включается симпатическая нервная система, которая отвечает за реакцию «бей или беги», ваш пульс учащается, дыхание становится тяжелым.</p><p>И вы даже не осознаете, что пытаетесь ответить на вопрос, но из-за этого труднее мыслить ясно. Хорошая новость в том, что у нас будет целый урок, посвященный контролю дыхания.</p>", "key_takeaway": "<p>* Хорошо выспитесь две ночи перед экзаменом</p><p>* Не учите ничего в день экзамена</p><p>* Не зацикливайтесь на одном вопросе</p><p>* Помните, что это тест на выносливость</p><p><span style=\"font-family:&quot;Calibri&quot;,sans-serif;font-size:12.0pt;\">* Сосредоточьтесь на дыхании</span></p>", "video_url": "https://www.youtube.com/watch?v=_K92oUTgE0k", "created_at": "2024-11-03T14:43:16.714Z", "updated_at": "2024-11-11T19:59:40.644Z", "thumbnail_url": "https://i.ytimg.com/vi/_K92oUTgE0k/hqdefault.jpg", "duration": 192, "position": 4, "is_active": true}}, {"model": "webapp.lesson", "pk": 5, "fields": {"module": 1, "title": "Техники снижения стресса", "small_description": "Жизнь в современном мире делает стресс кажущимся неизбежным.\r\nСтресс вреден для здоровья и не приносит удовольствия: это один из способов жить, но не единственный!", "content": "<p><span lang=\"RU\">В этом уроке мы обсудим очень важную тему — техники снижения стресса. Итак, для начала давайте скажем несколько слов о стрессе. Конечно, жизнь в мире делает стресс почти неизбежным. Возможно, вы и все ваши одноклассники ощущаете стресс, вероятно, ваши учителя, родители и все взрослые, которых вы знаете, испытывают стресс.</span></p><p><span lang=\"RU\">Современный мир посылает нам сообщение, что все живут в условиях стресса, и это считается нормой. Однако стресс нездоров и неприятен. Стресс — это не весело, и на самом деле хорошо задокументировано, что существует множество рисков для здоровья, связанных с проживанием большей части жизни в условиях стресса. Но очень важно помнить, что стресс — это один из способов жить, но это не единственный способ жить.</span></p><p><span lang=\"RU\">И это действительно важно понимать. Чтобы лучше понять это, мы поговорим о мозге. Конечно, в нашем мозге есть части, которые мы можем осознанно контролировать, и есть те, которые работают автоматически. Я могу выбрать, чтобы, например, поднять руку, но есть и многие процессы, которые происходят на автопилоте.</span></p><p><span lang=\"RU\">Существуют две взаимодополняющие системы, которые управляют всеми этими процессами, которые происходят автоматически.</span></p><p><span lang=\"RU\">автопилот. Одна из них называется симпатической нервной системой. Она управляет тем, что происходит с нашим телом, когда мы переходим в режим «бей или беги», занимаемся физическими упражнениями, испытываем сильное волнение или находимся в состоянии стресса.</span></p><p><span lang=\"RU\">Как правило, при этом мышцы напрягаются, к ним поступает больше крови, а от внутренних органов кровь отходит. Мы начинаем дышать поверхностно, сердцебиение учащается, уровень адреналина повышается. И, среди прочего, замедляется пищеварение и снижается работа иммунной системы.</span></p><p><span lang=\"RU\">Все это происходит при активации симпатической нервной системы. Противоположная система, парасимпатическая нервная система, иногда называется реакцией расслабления, системой «отдыхай и переваривай» или успокаивающей системой. Представьте, что ваше тело полностью расслабляется, сердцебиение замедляется, дыхание становится глубоким, мышцы расслабляются. Это действительно улучшает пищеварение и повышает иммунную функцию.</span></p><p><span lang=\"RU\">Гораздо полезнее жить, активируя парасимпатическую нервную систему. Поэтому снижение стресса во многом связано с тем, чтобы «отключить» симпатическую нервную систему и «включить» парасимпатическую. И ключевую роль в этом играет дыхание. У меня нет возможности сознательно управлять своим сердцебиением или количеством вырабатываемого адреналина.</span></p><p><span lang=\"RU\">Но я могу сознательно контролировать свое дыхание. И на самом деле, самый быстрый способ отключить симпатическую нервную систему и включить парасимпатическую — это дыхание. Медленное, глубокое, полное дыхание запускает расслабление по всему телу. Попробуйте это прямо сейчас. Начните делать глубокие вдохи.</span></p><p><span lang=\"RU\">Эти вдохи заполнят живот, грудную клетку, вы почувствуете, как ребра на боках расширяются, и даже сможете слегка развести плечи. Просто огромный, приятный, большой, медленный вдох, медленный выдох. И на самом деле, если сможете, продолжайте так дышать на протяжении оставшейся части видео. Если вы сможете дышать так в течение пяти минут, вы почувствуете огромную разницу в теле.</span></p><p><span lang=\"RU\">И, конечно, мы поговорим немного о теле. Много стресса связано с тем, что человек слишком «заперт в своей голове». Множество мыслей и воображаемых ситуаций кружатся, половина того, что нас беспокоит, — это вещи, которые наш мозг придумывает и которые не являются реальными. А что, если он скажет это? А что, если случится то?</span></p><p><span lang=\"RU\">Что, если произойдет это? Как мне справиться с этим? Итак, много стресса происходит в голове, и борьба со стрессом во многом связана с тем, чтобы стать более осознанным в отношении своего тела. И, конечно, когда вы глубоко дышите, это отличное время, чтобы просто почувствовать свое тело целиком.</span></p><p><span lang=\"RU\">Что чувствует ваше тело? Если бы ваше тело могло что-то сказать вам, что бы оно сказало? Если вы чувствуете напряжение или дискомфорт в какой-то области, вы можете направить туда дыхание, продолжая медленно дышать. Вы обнаружите, что напряжение будет постепенно уходить. И еще одно замечание, просто примите это как совет от взрослого человека: у вас подростковое тело, молодое и здоровое, полное жизни и энергии. Цените это.</span></p><p><span lang=\"RU\">Цените то, что у вас молодое тело. Цените, какой это дар, какое благословение — ходить по этому миру в молодом теле. Как только вам исполнится 20,&nbsp;больше не будет подросткового тела. Поэтому просто имейте это в виду. Цените свое тело, обращайте внимание на него, обращайте внимание на то, как оно себя чувствует.</span></p><p><span lang=\"RU\">И еще хочу сказать: расслабьтесь, но по-настоящему расслабьтесь. Что я имею в виду? Подумайте, что делают большинство людей, когда говорят, что расслабляются. Они часто смотрят на экран: телевизор, фильмы, видеоигры, и тому подобное. На самом деле, многие из этих вещей, например, боевик или динамичная видеоигра, фактически вызывают выработку адреналина.</span></p><p><span lang=\"RU\">В общем, сменяющиеся электронные экраны сильно стимулируют симпатическую нервную систему. И может показаться, что это расслабляет, потому что мы не думаем о школьной работе или о чем-то подобном. Нашему мозгу предоставляется другая фокусировка, что немного расслабляет, но на самом деле это не расслабляет тело.</span></p><p><span lang=\"RU\">И это важный момент. По сути, развлекаясь таким образом и «подкачивая» адреналин в свою систему, мы в какой-то мере тренируем стресс. Мы работаем с теми же системами, которые будут задействованы при стрессе. Настоящее расслабление включает глубокое дыхание и осознанное присутствие всего тела.</span></p><p><span lang=\"RU\">Я бы посоветовал экспериментировать с этим немного: проводить хотя бы несколько минут каждый день в таком глубоком расслаблении без каких-либо гаджетов. Пусть это будет всего пять минут — без внешних стимулов, просто глубокое дыхание и ощущение себя. Постепенно вырабатывайте это состояние как точку отсчета, чтобы у вас было настоящее представление о том, что значит глубоко расслабиться.</span></p><p><span lang=\"RU\">Потому что большинство людей даже не представляют, что это значит. Большинство людей даже не знают, как приятно глубоко расслабиться. И чем больше вы будете осознавать это состояние, тем легче вам будет к нему возвращаться. Это станет отличным помощником в борьбе со стрессом. Последняя практика, которую я порекомендую, называется осознанностью.</span></p><p><span lang=\"RU\">Возможно, вы уже слышали это слово. Осознанность — это практика внимательного наблюдения и замечания деталей. Подумайте об этом: как мы обычно передвигаемся по миру? Мы смотрим на знакомые объекты и сразу определяем: «О, я знаю, что это». Вилка — понятно, что это, не надо больше на неё смотреть.</span></p><p><span lang=\"RU\">Точилка для карандашей — тоже знакомо. Другими словами, это даже не фиксируется в нашем сознании. Мы видим знакомый объект, и будто какая-то часть нашего мозга уже была здесь, уже видела это, и даже не обращает внимание. Осознанность — это про то, чтобы остановиться и посмотреть. Вы когда-нибудь действительно внимательно рассматривали вилку?</span></p><p><span lang=\"RU\">Обращали внимание на разницу между разными видами вилок? А степлер? А точилку для карандашей? Осознанность — это о том, чтобы делать очень внимательные наблюдения, снова, с глубоким дыханием, с осознанностью тела, делая такие наблюдения.</span></p><p><span lang=\"RU\">Многое здесь связано с тем, чтобы внимательно рассматривать привычные объекты, которые мы принимаем как должное.</span></p><p><span lang=\"RU\">мы задействуем часть разума, которая открыта к любопытству и удивлению. Открытое любопытство и удивление также помогают бороться со стрессом. Это также способствует глубокому расслаблению.</span></p><p><span lang=\"RU\">Таким образом, во время практики осознанности мы можем глубоко дышать, осознавать свое тело и фактически учиться новому способу восприятия мира. Когда мы замедляемся, мы обнаруживаем, что значительная часть стресса исчезает. Итак, хорошее введение в осознанность: каждый раз, когда вы находитесь в знакомом месте, задумайтесь о местах, где бываете постоянно.</span></p><p><span lang=\"RU\">Ваш собственный дом, классы, может быть, дом друга, магазины, которые вы посещаете, места, где вы бываете несколько раз в неделю. Каждый раз, когда вы там, замечайте хотя бы одну деталь, которую раньше не видели. Сначала может показаться, что их немного, но чем больше вы практикуете это, тем больше вы осознаете, сколько деталей мы обычно упускаем.</span></p><p><span lang=\"RU\">В мире полно мелочей, которых мы не замечаем. Чем больше вы смотрите, тем богаче и интереснее становится окружающий мир. И, конечно, чем больше вы фокусируетесь на этом, тем меньше вы сосредоточены на собственных проблемах и стрессе, что помогает вашему телу расслабиться.</span></p><p><span lang=\"RU\">В заключение: практикуйте глубокое, медленное дыхание всем телом. Постарайтесь дышать так на протяжении всего дня: сидя в классе, в машине, в метро или где-либо еще. Сделайте такое дыхание привычкой, и вы почувствуете, как меняется вся ваша жизнь. Задействуйте всё тело, благодарите за дар вашего тела, осознавайте, как оно себя чувствует и что оно вам сообщает. Расслабьтесь, но по-настоящему расслабьтесь.</span></p><p><span lang=\"RU\">Проводите хотя бы немного времени каждый день полностью без гаджетов, просто полностью расслабляясь и ощущая, что значит быть собой. Практикуйте осознанность, и, конечно, если вам это интересно, существуют замечательные книги по осознанности, которые вы можете изучить далее.</span></p>", "key_takeaway": "<p><span lang=\"RU\">Урок сосредоточен на техниках снижения стресса, подчеркивая важность перехода от симпатической нервной системы к парасимпатической для более здорового образа жизни. Урок подчеркивает роль контроля дыхания, осознанности тела, подлинного расслабления и внимательности в борьбе со стрессом.</span></p><p><span lang=\"RU\">Стресс распространен, но не является единственным способом жить; понимание роли мозга важно для управления стрессом.</span></p><p><span lang=\"RU\">Активация парасимпатической нервной системы с помощью медленного, глубокого дыхания может значительно снизить стресс.</span></p><p><span lang=\"RU\">Осознанность тела и признание его жизненной энергии могут способствовать снижению стресса.</span></p><p><span lang=\"RU\">Настоящее расслабление предполагает отключение от электронных устройств и вовлечение в занятия, которые способствуют парасимпатическому отклику.</span></p><p><span lang=\"RU\">Осознанность, или практика внимательного наблюдения и замечания деталей, может преобразить взаимодействие человека с миром и уменьшить стресс.</span></p>", "video_url": "https://www.youtube.com/watch?v=_K92oUTgE0k", "created_at": "2024-11-03T14:45:38.109Z", "updated_at": "2024-11-11T20:00:51.180Z", "thumbnail_url": "https://i.ytimg.com/vi/_K92oUTgE0k/hqdefault.jpg", "duration": 192, "position": 5, "is_active": true}}, {"model": "webapp.lesson", "pk": 6, "fields": {"module": 1, "title": "Советы на день экзамена", "small_description": "В этом уроке рассматриваются практические советы, которые помогут вам успешно пройти SAT в день экзамена. Мы обсудим важность хорошего сна за несколько ночей до теста, а также физическую и психологическую подготовку к испытанию. Внимание к этим мелочам мо", "content": "<p><span style=\"font-family:&quot;Times New Roman&quot;,serif;\">В этом видеоуроке мы обсудим советы на день экзамена SAT.&nbsp;</span></p><p><span style=\"font-family:&quot;Times New Roman&quot;,serif;\">Это, пожалуй, более важно, чем иногда кажется.&nbsp;</span></p><p><span style=\"font-family:&quot;Times New Roman&quot;,serif;\">Итак, давайте начнем и поговорим о последних советах, или, может быть, правильнее сказать, советах на последний день.&nbsp;</span></p><p><span style=\"font-family:&quot;Times New Roman&quot;,serif;\">Во-первых, хорошо выспитесь — но не за одну ночь, а за две ночи до экзамена. Позвольте объяснить. Сложно заставить себя лечь спать раньше обычного, особенно если вы привыкли ложиться около полуночи, а теперь внезапно решили лечь в 9. Вряд ли вы заснете в 9, это будет сложно.&nbsp;</span></p><p><span style=\"font-family:&quot;Times New Roman&quot;,serif;\">И не стоит принимать мелатонин или что-то подобное, чтобы не чувствовать сонливость на следующий день. Как этого избежать? Я бы посоветовал спать по крайней мере две ночи перед экзаменом, чтобы ваше тело постепенно привыкло к новому циклу. Возможно, даже три ночи, но я не буду настаивать, потому что люди не любят внезапно начинать ложиться в 9 вечера. Но две-три ночи — это настоятельная рекомендация, однако точно не пытайтесь сделать это только в последнюю ночь перед экзаменом. Далее, возьмите с собой действительное удостоверение личности. Это важно. У вас есть водительское удостоверение или удостоверение учащегося? Проверьте удостоверение, чтобы убедиться, что оно актуально. Возьмите разрешенный калькулятор. Что это значит? Вы можете найти в интернете «легальный калькулятор SAT», и ссылка от College Board покажет вам список допустимых моделей. Я настоятельно рекомендую проверить это заранее, до того, как вы окажетесь в зале экзамена. Еще несколько советов: не занимайтесь и не пытайтесь учить что-то в день экзамена. Я видел, как люди начинают паниковать и зубрить. Но что нового вы сможете выучить за последние 30 минут? Это просто вызывает у вас стресс. Далее, не зацикливайтесь на одном вопросе. Мы часто забываем об этом, но если вы пытаетесь что-то запомнить в последний момент, это добавляет вам стресса. Когда вы зацикливаетесь на одном вопросе, вы начинаете перечитывать его снова и снова, но это не помогает вам прояснить ответ. Это лишь сбивает вас с толку. Поэтому важно помнить, что это тест на время, и вам нужно контролировать свой темп. Кроме того, это тест на выносливость и способность оставаться спокойным, не допускать чрезмерного стресса, оставаясь сосредоточенным. Чтобы этого добиться, сосредоточьтесь на дыхании. Если вы замечаете, что дышите учащенно, или чувствуете стресс, сделайте глубокий вдох. Задержите дыхание на пару секунд, затем выдохните. Потратьте на это четыре или пять секунд. Вы почувствуете, что стали немного спокойнее, и это поможет вам сосредоточиться на протяжении всего теста. Удачи, и надеюсь, вы вспомните эти советы в день экзамена.</span></p>", "key_takeaway": "<p><span style=\"font-family:&quot;Times New Roman&quot;,serif;\">Сводка содержит важные советы на день экзамена SAT, подчеркивая значимость подготовки и правильного настроя для оптимальной производительности. • Особое внимание уделяется важности хорошего сна, начиная с двух ночей перед экзаменом, чтобы привыкнуть к более раннему режиму сна без использования снотворных. • Убедитесь, что у вас есть действительное удостоверение личности и калькулятор, одобренный для SAT, и проверьте требования заранее, чтобы избежать проблем в день экзамена.&nbsp;</span></p><p><span style=\"font-family:&quot;Times New Roman&quot;,serif;\">• Рекомендуется избегать учебы или попыток выучить что-то новое в день экзамена, чтобы избежать лишнего стресса и сохранить фокус.&nbsp;</span></p><p><span style=\"font-family:&quot;Times New Roman&quot;,serif;\">• Важно не зацикливаться на одном вопросе во время экзамена, чтобы эффективно управлять временем и снизить уровень стресса.&nbsp;</span></p><p><span style=\"font-family:&quot;Times New Roman&quot;,serif;\">• Рекомендуется сосредоточиться на дыхательных техниках для контроля уровня стресса во время экзамена, чтобы подойти к каждому вопросу спокойно и сосредоточенно.&nbsp;</span></p>", "video_url": "https://www.youtube.com/watch?v=_K92oUTgE0k", "created_at": "2024-11-03T14:46:56.249Z", "updated_at": "2024-11-11T20:01:58.203Z", "thumbnail_url": "https://i.ytimg.com/vi/_K92oUTgE0k/hqdefault.jpg", "duration": 192, "position": 6, "is_active": true}}, {"model": "webapp.lesson", "pk": 7, "fields": {"module": 2, "title": "вывы", "small_description": "вывы", "content": "<p>вывы</p>", "key_takeaway": "", "video_url": "https://www.youtube.com/embed/4DqBUJbq-wA?si=_GP80GRgnqlRMJVH", "created_at": "2024-11-09T15:04:49.533Z", "updated_at": "2024-11-09T15:04:49.533Z", "thumbnail_url": "https://www.youtube.com/embed/4DqBUJbq-wA?si=_GP80GRgnqlRMJVH", "duration": 3, "position": 1, "is_active": true}}, {"model": "webapp.lesson", "pk": 10, "fields": {"module": 3, "title": "df", "small_description": "sdf", "content": "<p>fsd</p>", "key_takeaway": "", "video_url": "https://www.youtube.com/embed/k4715CJ0Ii8?si=y3NVU95hWB6_LTuS", "created_at": "2025-03-03T19:40:42.852Z", "updated_at": "2025-03-03T19:40:42.852Z", "thumbnail_url": null, "duration": null, "position": 1, "is_active": true}}, {"model": "webapp.purchase", "pk": 45, "fields": {"user": 1, "course": 3, "purchase_date": "2025-03-30T12:05:21.318Z", "payment_status": "DONE", "payment_code": "27A4BF", "purchase_amount": 1000}}, {"model": "webapp.purchase", "pk": 46, "fields": {"user": 1, "course": 3, "purchase_date": "2025-03-30T12:16:31.328Z", "payment_status": "PENDING", "payment_code": "D99A6C", "purchase_amount": 1000}}, {"model": "webapp.purchase", "pk": 47, "fields": {"user": 1, "course": 3, "purchase_date": "2025-03-30T12:17:30.275Z", "payment_status": "PENDING", "payment_code": "6BA3A4", "purchase_amount": 1000}}, {"model": "webapp.purchase", "pk": 48, "fields": {"user": 1, "course": 3, "purchase_date": "2025-03-30T12:18:04.660Z", "payment_status": "PENDING", "payment_code": "7000A6", "purchase_amount": 1000}}, {"model": "webapp.purchase", "pk": 49, "fields": {"user": 1, "course": 3, "purchase_date": "2025-03-30T12:29:54.214Z", "payment_status": "PENDING", "payment_code": "05245C", "purchase_amount": 1000}}, {"model": "webapp.purchase", "pk": 50, "fields": {"user": 1, "course": 3, "purchase_date": "2025-03-30T12:37:36.256Z", "payment_status": "PENDING", "payment_code": "317DB7", "purchase_amount": 1000}}, {"model": "webapp.purchase", "pk": 51, "fields": {"user": 1, "course": 4, "purchase_date": "2025-03-30T12:57:50.299Z", "payment_status": "PENDING", "payment_code": "619E0C", "purchase_amount": 1880}}, {"model": "webapp.purchase", "pk": 52, "fields": {"user": 1, "course": 4, "purchase_date": "2025-03-30T13:23:10.830Z", "payment_status": "DONE", "payment_code": "6D6D9C", "purchase_amount": 1880}}, {"model": "webapp.purchase", "pk": 53, "fields": {"user": 1, "course": 2, "purchase_date": "2025-03-31T06:08:21.531Z", "payment_status": "PENDING", "payment_code": "6E6AB2", "purchase_amount": 752}}, {"model": "webapp.purchase", "pk": 54, "fields": {"user": 1, "course": 2, "purchase_date": "2025-04-01T07:10:12.110Z", "payment_status": "PENDING", "payment_code": "1DA999", "purchase_amount": 752}}, {"model": "webapp.purchase", "pk": 55, "fields": {"user": 1, "course": 2, "purchase_date": "2025-04-02T16:21:59.968Z", "payment_status": "PENDING", "payment_code": "00C5F6", "purchase_amount": 752}}, {"model": "webapp.lessonprogress", "pk": 19, "fields": {"lesson": 10, "user": 1, "status": "in_progress", "created_at": "2025-03-30T12:57:23.401Z", "finished_at": null}}, {"model": "webapp.testcasedescriptions", "pk": 1, "fields": {"сourse": 1, "title": "SAT Practice Test", "description": "<p class=\"p1\">Вы перешли в раздел тестов для подготовки к экзамену SAT. Здесь вы найдете модули, которые помогут вам подготовиться к различным разделам экзамена: Reading, Writing и Math. Каждый модуль можно проходить последовательно, оттачивая свои навыки в каждом из них.</p><p class=\"p3\"><strong>Время на выполнение модулей:</strong></p><p class=\"p4\">•<span class=\"Apple-tab-span\"> </span><strong>Reading</strong>: Этот раздел требует особого внимания к текстам и вопросов на понимание, и для него установлен таймер.</p><p class=\"p4\">•<span class=\"Apple-tab-span\"> </span><strong>Writing</strong>: Работа с грамматикой и лексикой также ограничена по времени, чтобы вы могли практиковать быстрое принятие решений.</p><p class=\"p4\">•<span class=\"Apple-tab-span\"> </span><strong>Math</strong>: Раздел математики тоже снабжен таймером, в ходе которого вам будет предложен доступ к калькулятору для выполнения сложных вычислений.</p><p class=\"p4\">Старайтесь отвечать как можно быстрее и максимально точно, чтобы улучшить свои результаты и тренировать концентрацию.</p><p class=\"p4\">После завершения теста вам будет предоставлена оценка, которая поможет оценить ваш уровень подготовки к настоящему экзамену SAT. Вы также сможете просмотреть свои ответы и посмотреть объясняющие видео, чтобы лучше понять ошибки и улучшить свои навыки.</p><p class=\"p4\">Перед началом теста подготовьте черновик для заметок и решайте задачи по ходу выполнения. Если у вас есть свой калькулятор, который вы планируете использовать на экзамене, он вам пригодится. Постарайтесь найти время около 2 часов и 30 минут, чтобы пройти тест без перерывов.</p><p class=\"p4\">При необходимости вы можете делать паузы между разделами, но не внутри раздела. Таймер будет идти, пока вы решаете вопросы, так что начав раздел, завершите его, не отвлекаясь. Рекомендуется пройти весь тест за одно занятие, чтобы развить устойчивость и научиться управлять временем. Удачи!</p>", "created_at": "2024-11-03T15:25:45.423Z"}}, {"model": "webapp.testmodule", "pk": 1, "fields": {"cours": 1, "title": "Reading", "description": "<p class=\"p1\">Модуль <strong>Reading</strong> SAT теста разработан для проверки вашего умения понимать, анализировать и интерпретировать тексты разного уровня сложности. На прохождение этого модуля отводится <strong>65 минут</strong>, в течение которых вам предстоит ответить на 52 вопроса, основанных на пяти различных текстах.</p>", "created_at": "2024-11-03T15:44:11.169Z", "position": 1, "time_limit": 65}}, {"model": "webapp.test", "pk": 1, "fields": {"test_module": 1, "question_text": "<p class=\"p1\"><i>Science and technology have a profound impact on human life. Today’s discoveries are vastly different from those of the past. New technologies have enabled humanity to achieve what was once thought impossible. However, these advancements also raise serious ethical questions.</i></p><p class=\"p1\">What is the main idea of the passage?</p>"}}, {"model": "webapp.test", "pk": 2, "fields": {"test_module": 1, "question_text": "<p class=\"p1\">Which statement best describes the author’s attitude towards new technologies?</p>"}}, {"model": "webapp.answeroption", "pk": 1, "fields": {"test": 1, "answer_text": "<p class=\"p1\">Science does not have a significant influence on humanity.</p>", "is_correct": false}}, {"model": "webapp.answeroption", "pk": 2, "fields": {"test": 1, "answer_text": "<p class=\"p1\">Modern discoveries are similar to those in the past.</p>", "is_correct": false}}, {"model": "webapp.answeroption", "pk": 3, "fields": {"test": 1, "answer_text": "<p class=\"p1\">Technology has led to significant achievements but raises ethical concerns.</p>", "is_correct": true}}, {"model": "webapp.answeroption", "pk": 4, "fields": {"test": 1, "answer_text": "<p class=\"p1\">Scientific discoveries always lead to positive changes.</p>", "is_correct": false}}, {"model": "webapp.answeroption", "pk": 5, "fields": {"test": 2, "answer_text": "<p class=\"p1\"><i>Science and technology have a profound impact on human life. Today’s discoveries are vastly different from those of the past. New technologies have enabled humanity to achieve what was once thought impossible. However, these advancements also raise serious ethical questions.</i><br>Which statement best describes the author’s attitude towards new technologies?</p>", "is_correct": false}}, {"model": "webapp.answeroption", "pk": 6, "fields": {"test": 2, "answer_text": "<p class=\"p1\">He sees technology as having only positive effects.</p>", "is_correct": false}}, {"model": "webapp.answeroption", "pk": 7, "fields": {"test": 2, "answer_text": "<p class=\"p1\">He believes technology is a threat to humanity.</p>", "is_correct": false}}, {"model": "webapp.answeroption", "pk": 8, "fields": {"test": 2, "answer_text": "<p class=\"p1\">He views them as important but with potential drawbacks.</p>", "is_correct": true}}, {"model": "webapp.answeroption", "pk": 9, "fields": {"test": 2, "answer_text": "<p class=\"p1\">He thinks they have no impact on modern society.</p>", "is_correct": false}}, {"model": "webapp.testhistory", "pk": 1, "fields": {"user": 1, "test_module": 1, "test": 2, "correct_answer_ids": "[\"8\"]", "user_answer_ids": "[\"8\"]", "completed_at": "2024-11-03T17:09:44.486Z"}}, {"model": "webapp.testhistory", "pk": 2, "fields": {"user": 1, "test_module": 1, "test": 1, "correct_answer_ids": "[\"3\"]", "user_answer_ids": "[\"3\"]", "completed_at": "2024-11-03T17:09:49.237Z"}}, {"model": "webapp.feedback", "pk": 1, "fields": {"user": 1, "lesson": 2, "feedback_type": "like", "text": null}}, {"model": "webapp.feedback", "pk": 2, "fields": {"user": 1, "lesson": 1, "feedback_type": "dislike", "text": null}}, {"model": "webapp.feedback", "pk": 3, "fields": {"user": 1, "lesson": 3, "feedback_type": "like", "text": null}}, {"model": "webapp.feedback", "pk": 4, "fields": {"user": 12, "lesson": 1, "feedback_type": "like", "text": null}}, {"model": "webapp.feedback", "pk": 5, "fields": {"user": 14, "lesson": 2, "feedback_type": "dislike", "text": null}}, {"model": "webapp.feedback", "pk": 6, "fields": {"user": 18, "lesson": 3, "feedback_type": "like", "text": null}}, {"model": "webapp.feedback", "pk": 7, "fields": {"user": 8, "lesson": 2, "feedback_type": "dislike", "text": null}}]